Timestamp,Class,Confidence
2026-03-11 10:55:39,fire,0.78
2026-03-11 10:55:40,fire,0.64
2026-03-11 10:55:42,fire,0.78
2026-03-11 10:55:43,fire,0.88
2026-03-11 10:55:44,fire,0.78
2026-03-11 10:55:45,fire,0.97
2026-03-11 10:55:46,fire,0.80
2026-03-11 10:55:47,fire,0.73
2026-03-11 10:55:48,fire,0.75
2026-03-11 10:55:50,fire,0.61
2026-03-11 10:55:51,fire,0.74
2026-03-11 10:55:52,fire,0.91
2026-03-11 10:55:54,fire,0.71
2026-03-11 10:55:55,fire,0.88
2026-03-11 10:55:56,fire,0.87
2026-03-11 10:55:57,fire,0.77
2026-03-11 10:55:59,fire,0.94
2026-03-11 10:58:45,fire,0.90
2026-03-11 10:58:47,fire,0.69
2026-03-11 10:58:49,fire,0.75
2026-03-11 10:58:53,fire,0.69
2026-03-11 10:58:54,fire,0.72
2026-03-11 11:50:47,fire,0.70
2026-03-11 11:51:31,fire,0.65
2026-03-11 11:51:31,fire,0.68
2026-03-11 11:51:32,fire,0.76
2026-03-11 11:51:33,fire,0.72
2026-03-11 11:51:34,fire,0.72
2026-03-11 11:51:35,fire,0.65
2026-03-11 11:51:35,fire,0.68
2026-03-11 11:51:36,fire,0.76
2026-03-11 11:51:37,fire,0.75
2026-03-11 11:51:38,fire,0.83
2026-03-11 11:51:38,fire,0.65
2026-03-11 11:51:41,fire,0.71
2026-03-11 11:51:41,fire,0.78
2026-03-11 11:51:42,fire,0.64
2026-03-11 11:51:43,fire,0.62
2026-03-11 11:51:44,fire,0.72
2026-03-11 11:51:44,fire,0.66
2026-03-11 11:51:45,fire,0.69
2026-03-11 11:51:45,fire,0.66
2026-03-11 11:51:45,fire,0.65
2026-03-11 11:51:46,fire,0.62
2026-03-11 11:51:46,fire,0.65
2026-03-11 11:51:47,fire,0.79
2026-03-11 11:51:47,fire,0.74
2026-03-11 11:51:49,fire,0.62
2026-03-11 11:51:50,fire,0.63
2026-03-11 11:51:51,fire,0.62
2026-03-11 11:51:53,fire,0.62
2026-03-11 11:51:53,fire,0.64
2026-03-11 11:51:54,fire,0.66
2026-03-11 11:51:54,fire,0.68
2026-03-11 11:51:55,fire,0.66
2026-03-11 11:51:56,fire,0.65
2026-03-11 11:51:58,fire,0.74
2026-03-11 11:52:00,fire,0.68
2026-03-11 11:52:00,fire,0.85
2026-03-11 11:52:01,fire,0.64
2026-03-11 11:52:02,fire,0.68
2026-03-11 11:52:02,fire,0.93
2026-03-11 11:52:03,fire,0.61
2026-03-11 11:52:03,fire,0.68
2026-03-11 11:52:04,fire,0.62
2026-03-11 11:52:05,fire,0.69
2026-03-11 11:52:05,fire,0.63
2026-03-11 11:52:06,fire,0.64
2026-03-11 11:52:06,fire,0.74
2026-03-11 11:52:07,fire,0.70
2026-03-11 11:52:08,fire,0.71
2026-03-11 11:52:08,fire,0.63
2026-03-11 11:52:09,fire,0.61
2026-03-11 11:52:09,fire,0.62
2026-03-11 11:52:10,fire,0.65
2026-03-11 11:52:10,fire,0.67
2026-03-11 11:52:11,fire,0.67
2026-03-11 11:52:11,fire,0.63
2026-03-11 11:52:12,fire,0.71
2026-03-11 11:52:12,fire,0.63
2026-03-11 11:52:13,fire,0.69
2026-03-11 11:52:13,fire,0.69
2026-03-11 11:52:16,fire,0.62
2026-03-11 11:52:16,fire,0.68
2026-03-11 11:52:16,fire,0.64
2026-03-11 11:52:18,fire,0.60
2026-03-11 11:52:19,fire,0.73
2026-03-11 11:52:19,fire,0.62
2026-03-11 11:52:20,fire,0.60
2026-03-11 11:52:23,fire,0.77
2026-03-11 11:52:24,fire,0.73
2026-03-11 11:52:25,fire,0.69
2026-03-11 11:52:26,fire,0.71
2026-03-11 11:52:27,fire,0.66
2026-03-11 11:52:27,fire,0.71
2026-03-11 11:52:28,fire,0.85
2026-03-11 11:52:28,fire,0.77
2026-03-11 11:52:29,fire,0.64
2026-03-11 11:52:29,fire,0.77
2026-03-11 11:52:29,fire,0.77
2026-03-11 11:52:30,fire,0.69
2026-03-11 11:52:30,fire,0.84
2026-03-11 11:52:33,fire,0.61
2026-03-11 11:52:34,fire,0.80
2026-03-11 11:52:36,fire,0.69
2026-03-11 11:52:36,fire,0.62
2026-03-11 11:52:37,fire,0.69
2026-03-11 11:52:37,fire,0.71
2026-03-11 11:52:38,fire,0.78
2026-03-11 11:52:39,fire,0.66
2026-03-11 11:52:39,fire,0.61
2026-03-11 11:52:40,fire,0.67
2026-03-11 11:52:40,fire,0.62
2026-03-11 11:52:40,fire,0.73
2026-03-11 11:52:41,fire,0.62
2026-03-11 11:52:41,fire,0.62
2026-03-11 11:52:42,fire,0.79
2026-03-11 11:52:42,fire,0.74
2026-03-11 11:52:42,fire,0.64
2026-03-11 11:52:43,fire,0.66
2026-03-11 11:52:43,fire,0.70
2026-03-11 11:52:44,fire,0.72
2026-03-11 11:52:44,fire,0.78
2026-03-11 11:52:44,fire,0.81
2026-03-11 11:52:45,fire,0.74
2026-03-11 11:52:45,fire,0.80
2026-03-11 11:52:45,fire,0.77
2026-03-11 11:52:46,fire,0.79
2026-03-11 11:52:46,fire,0.72
2026-03-11 11:52:47,fire,0.64
2026-03-11 11:52:48,fire,0.68
2026-03-11 11:52:48,fire,0.75
2026-03-11 11:52:48,fire,0.70
2026-03-11 11:52:49,fire,0.74
2026-03-11 11:52:49,fire,0.75
2026-03-11 11:52:50,fire,0.72
2026-03-11 11:52:50,fire,0.71
2026-03-11 11:52:50,fire,0.81
2026-03-11 11:52:51,fire,0.76
2026-03-11 11:52:51,fire,0.77
2026-03-11 11:52:52,fire,0.94
2026-03-11 11:52:52,fire,0.77
2026-03-11 11:52:52,fire,0.74
2026-03-11 11:52:53,fire,0.70
2026-03-11 11:52:53,fire,0.73
2026-03-11 11:52:53,fire,0.72
2026-03-11 11:52:54,fire,0.73
2026-03-11 11:52:54,fire,0.70
2026-03-11 11:52:55,fire,0.83
2026-03-11 11:52:55,fire,0.77
2026-03-11 11:52:55,fire,0.75
2026-03-11 11:52:56,fire,0.73
2026-03-11 11:52:56,fire,0.72
2026-03-11 11:52:57,fire,0.72
2026-03-11 11:52:57,fire,0.74
2026-03-11 11:52:57,fire,0.76
2026-03-11 11:52:58,fire,0.75
2026-03-11 11:52:58,fire,0.78
2026-03-11 11:52:59,fire,0.78
2026-03-11 11:52:59,fire,0.71
2026-03-11 11:53:00,fire,0.65
2026-03-11 11:53:00,fire,0.67
2026-03-11 11:53:01,fire,0.69
2026-03-11 11:53:01,fire,0.74
2026-03-11 11:53:01,fire,0.74
2026-03-11 11:53:02,fire,0.70
2026-03-11 11:53:02,fire,0.64
2026-03-11 11:53:02,fire,0.66
2026-03-11 11:53:03,fire,0.68
2026-03-11 11:53:03,fire,0.68
2026-03-11 11:53:04,fire,0.67
2026-03-11 11:53:05,fire,0.68
2026-03-11 11:53:06,fire,0.79
2026-03-11 11:53:07,fire,0.83
2026-03-11 11:53:07,fire,0.67
2026-03-11 11:53:08,fire,0.72
2026-03-11 11:53:09,fire,0.70
2026-03-11 11:53:11,fire,0.69
2026-03-11 11:53:11,fire,0.66
2026-03-11 11:53:12,fire,0.76
2026-03-11 11:53:12,fire,0.74
2026-03-11 11:53:13,fire,0.60
2026-03-11 11:53:13,fire,0.65
2026-03-11 11:53:14,fire,0.62
2026-03-11 11:53:14,fire,0.64
2026-03-11 11:53:15,fire,0.63
2026-03-11 11:53:16,fire,0.63
2026-03-11 11:53:16,fire,0.69
2026-03-11 11:53:17,fire,0.61
2026-03-11 11:53:17,fire,0.79
2026-03-11 11:53:18,fire,0.92
2026-03-11 11:53:20,fire,0.65
2026-03-11 11:53:20,fire,0.75
2026-03-11 11:53:21,fire,0.76
2026-03-11 11:53:22,fire,0.90
2026-03-11 11:53:22,fire,0.94
2026-03-11 11:53:23,fire,0.70
2026-03-11 11:53:23,fire,0.82
2026-03-11 11:53:24,fire,0.77
2026-03-11 11:53:25,fire,0.72
2026-03-11 11:53:25,fire,0.61
2026-03-11 11:53:26,fire,0.63
2026-03-11 11:53:28,fire,0.81
2026-03-11 11:53:28,fire,0.76
2026-03-11 11:53:29,fire,0.79
2026-03-11 11:53:29,fire,0.87
2026-03-11 11:53:29,fire,0.89
2026-03-11 11:53:33,fire,0.90
2026-03-11 11:53:34,fire,0.97
2026-03-11 11:53:34,fire,0.73
2026-03-11 11:53:36,fire,0.75
2026-03-11 11:53:36,fire,0.67
2026-03-11 11:53:37,fire,0.79
2026-03-11 11:53:37,fire,0.69
2026-03-11 11:53:38,fire,0.83
2026-03-11 11:53:38,fire,0.88
2026-03-11 11:53:39,fire,0.87
2026-03-11 11:53:39,fire,0.69
2026-03-11 11:53:40,fire,0.69
2026-03-11 11:53:41,fire,0.66
2026-03-11 11:53:41,fire,0.64
2026-03-11 11:53:42,fire,0.63
2026-03-11 11:53:42,fire,0.68
2026-03-11 11:53:42,fire,0.67
2026-03-11 11:53:43,fire,0.63
2026-03-11 11:53:43,fire,0.71
2026-03-11 11:53:44,fire,0.61
2026-03-11 11:53:44,fire,0.63
2026-03-11 11:53:44,fire,0.61
2026-03-11 11:53:45,fire,0.84
2026-03-11 11:53:45,fire,0.90
2026-03-11 11:53:46,fire,0.83
2026-03-11 11:53:46,fire,0.83
2026-03-11 11:53:47,fire,0.88
2026-03-11 11:53:47,fire,0.87
2026-03-11 11:53:47,fire,0.92
2026-03-11 11:53:48,fire,0.94
2026-03-11 11:53:48,fire,0.84
2026-03-11 11:53:49,fire,0.84
2026-03-11 11:53:49,fire,0.83
2026-03-11 11:53:49,fire,0.85
2026-03-11 11:53:50,fire,0.77
2026-03-11 11:53:50,fire,0.69
2026-03-11 11:53:50,fire,0.90
2026-03-11 11:53:51,fire,0.76
2026-03-11 11:53:51,fire,0.79
2026-03-11 11:53:52,fire,0.83
2026-03-11 11:53:52,fire,0.77
2026-03-11 11:53:53,fire,0.71
2026-03-11 11:53:53,fire,0.71
2026-03-11 11:53:53,fire,0.69
2026-03-11 11:53:54,fire,0.63
2026-03-11 11:53:54,fire,0.71
2026-03-11 11:53:55,fire,0.71
2026-03-11 11:53:55,fire,0.66
2026-03-11 11:53:55,fire,0.74
2026-03-11 11:53:56,fire,0.82
2026-03-11 11:53:56,fire,0.68
2026-03-11 11:53:57,fire,0.72
2026-03-11 11:53:57,fire,0.75
2026-03-11 11:53:58,fire,0.89
2026-03-11 11:53:58,fire,0.79
2026-03-11 11:53:59,fire,0.78
2026-03-11 11:53:59,fire,0.78
2026-03-11 11:53:59,fire,0.67
2026-03-11 11:54:00,fire,0.79
2026-03-11 11:54:00,fire,0.87
2026-03-11 11:54:01,fire,0.88
2026-03-11 11:54:01,fire,0.80
2026-03-11 11:54:01,fire,0.91
2026-03-11 11:54:02,fire,0.91
2026-03-11 11:54:02,fire,0.88
2026-03-11 11:54:03,fire,0.65
2026-03-11 11:54:03,fire,0.71
2026-03-11 11:54:04,fire,0.71
2026-03-11 11:54:04,fire,0.68
2026-03-11 11:54:05,fire,0.82
2026-03-11 11:54:05,fire,0.70
2026-03-11 11:54:06,fire,0.73
2026-03-11 11:54:06,fire,0.72
2026-03-11 11:54:06,fire,0.62
2026-03-11 11:54:07,fire,0.67
2026-03-11 11:54:08,fire,0.70
2026-03-11 11:54:08,fire,0.68
2026-03-11 11:54:08,fire,0.61
2026-03-11 11:54:09,fire,0.77
2026-03-11 11:54:10,fire,0.83
2026-03-11 11:54:11,fire,0.76
2026-03-11 11:54:11,fire,0.78
2026-03-11 11:54:12,fire,0.92
2026-03-11 11:54:12,fire,0.63
2026-03-11 11:54:12,fire,0.70
2026-03-11 11:54:13,fire,0.67
2026-03-11 11:54:13,fire,0.67
2026-03-11 11:54:14,fire,0.76
2026-03-11 11:54:17,fire,0.63
2026-03-11 11:54:17,fire,0.67
2026-03-11 11:54:18,fire,0.61
2026-03-11 11:54:21,fire,0.69
2026-03-11 11:54:24,fire,0.62
2026-03-11 11:54:25,fire,0.60
2026-03-11 11:54:25,fire,0.60
2026-03-11 11:54:26,fire,0.61
2026-03-11 11:54:29,fire,0.70
2026-03-11 11:54:30,fire,0.80
2026-03-11 11:54:31,fire,0.78
2026-03-11 11:54:31,fire,0.75
2026-03-11 11:54:31,fire,0.70
2026-03-11 11:54:32,fire,0.82
2026-03-11 11:54:32,fire,0.66
2026-03-11 11:54:33,fire,0.84
2026-03-11 11:54:33,fire,0.76
2026-03-11 11:54:34,fire,0.68
2026-03-11 11:54:34,fire,0.66
2026-03-11 11:54:35,fire,0.65
2026-03-11 11:54:35,fire,0.67
2026-03-11 11:54:36,fire,0.71
2026-03-11 11:54:36,fire,0.71
2026-03-11 11:54:37,fire,0.93
2026-03-11 11:54:37,fire,0.79
2026-03-11 11:54:37,fire,0.79
2026-03-11 11:54:38,fire,0.69
2026-03-11 11:54:38,fire,0.71
2026-03-11 11:54:39,fire,0.77
2026-03-11 11:54:39,fire,0.72
2026-03-11 11:54:40,fire,0.73
2026-03-11 11:54:40,fire,0.83
2026-03-11 11:54:40,fire,0.80
2026-03-11 11:54:41,fire,0.91
2026-03-11 11:54:41,fire,0.85
2026-03-11 11:54:42,fire,0.82
2026-03-11 11:54:42,fire,0.75
2026-03-11 11:54:42,fire,0.75
2026-03-11 11:54:43,fire,0.83
2026-03-11 11:54:43,fire,0.81
2026-03-11 11:54:44,fire,0.96
2026-03-11 11:54:44,fire,0.77
2026-03-11 11:54:44,fire,0.90
2026-03-11 11:54:45,fire,0.81
2026-03-11 11:54:45,fire,0.81
2026-03-11 11:54:46,fire,0.86
2026-03-11 11:54:46,fire,0.86
2026-03-11 11:54:47,fire,0.82
2026-03-11 11:54:47,fire,0.86
2026-03-11 11:54:48,fire,0.84
2026-03-11 11:54:48,fire,0.92
2026-03-11 11:54:49,fire,0.85
2026-03-11 11:54:49,fire,0.92
2026-03-11 11:54:49,fire,0.93
2026-03-11 11:54:50,fire,0.91
2026-03-11 11:54:50,fire,0.84
2026-03-11 11:54:51,fire,0.86
2026-03-11 11:54:51,fire,0.86
2026-03-11 11:54:52,fire,0.89
2026-03-11 11:54:52,fire,0.69
2026-03-11 11:54:53,fire,0.70
2026-03-11 11:54:53,fire,0.67
2026-03-11 11:54:54,fire,0.64
2026-03-11 11:54:54,fire,0.63
2026-03-11 11:54:55,fire,0.87
2026-03-11 11:54:55,fire,0.83
2026-03-11 11:54:56,fire,0.79
2026-03-11 11:54:57,fire,0.75
2026-03-11 11:54:58,fire,0.84
2026-03-11 11:54:59,fire,0.87
2026-03-11 11:55:00,fire,0.99
2026-03-11 11:55:00,fire,0.90
2026-03-11 11:55:01,fire,0.96
2026-03-11 11:55:01,fire,0.80
2026-03-11 11:55:02,fire,0.62
2026-03-11 11:55:03,fire,0.75
2026-03-11 11:55:03,fire,0.79
2026-03-11 11:55:04,fire,0.64
2026-03-11 11:55:04,fire,0.62
2026-03-11 11:55:05,fire,0.65
2026-03-11 11:55:05,fire,0.65
2026-03-11 11:55:06,fire,0.65
2026-03-11 11:55:07,fire,0.61
2026-03-11 11:55:07,fire,0.63
2026-03-11 11:55:08,fire,0.64
2026-03-11 11:55:09,fire,0.61
2026-03-11 11:55:09,fire,0.63
2026-03-11 11:55:10,fire,0.63
2026-03-11 11:55:10,fire,0.69
2026-03-11 11:55:11,fire,0.61
2026-03-11 11:55:11,fire,0.66
2026-03-11 11:55:12,fire,0.63
2026-03-11 11:55:12,fire,0.67
2026-03-11 11:55:13,fire,0.81
2026-03-11 11:55:13,fire,0.62
2026-03-11 11:55:14,fire,0.61
2026-03-11 11:55:14,fire,0.91
2026-03-11 11:55:15,fire,0.61
2026-03-11 11:55:16,fire,0.62
2026-03-11 11:55:16,fire,0.89
2026-03-11 11:55:17,fire,0.75
2026-03-11 11:55:17,fire,0.66
2026-03-11 11:55:18,fire,0.69
2026-03-11 11:55:18,fire,0.92
2026-03-11 11:55:18,fire,0.62
2026-03-11 11:55:19,fire,0.61
2026-03-11 11:55:19,fire,0.61
2026-03-11 11:55:20,fire,0.61
2026-03-11 11:55:21,fire,0.60
2026-03-11 11:55:21,fire,0.81
2026-03-11 11:55:23,fire,0.62
2026-03-11 11:55:26,fire,0.66
2026-03-11 11:55:27,fire,0.67
2026-03-11 11:55:28,fire,0.71
2026-03-11 11:55:29,fire,0.62
2026-03-11 11:55:29,fire,0.62
2026-03-11 11:55:30,fire,0.63
2026-03-11 11:55:30,fire,0.89
2026-03-11 11:55:30,fire,0.77
2026-03-11 11:55:31,fire,0.64
2026-03-11 11:55:32,fire,0.69
2026-03-11 11:55:32,fire,0.73
2026-03-11 11:55:33,fire,0.84
2026-03-11 11:55:33,fire,0.71
2026-03-11 11:55:33,fire,0.64
2026-03-11 11:55:34,fire,0.69
2026-03-11 11:55:34,fire,0.78
2026-03-11 11:55:35,fire,0.97
2026-03-11 11:55:35,fire,0.91
2026-03-11 11:55:36,fire,0.78
2026-03-11 11:55:36,fire,0.72
2026-03-11 11:55:37,fire,0.65
2026-03-11 11:55:37,fire,0.74
2026-03-11 11:55:38,fire,0.67
2026-03-11 11:55:38,fire,0.62
2026-03-11 11:55:38,fire,0.65
2026-03-11 11:55:39,fire,0.66
2026-03-11 11:55:40,fire,0.74
2026-03-11 11:55:40,fire,0.64
2026-03-11 11:55:40,fire,0.81
2026-03-11 11:55:41,fire,0.80
2026-03-11 11:55:41,fire,0.78
2026-03-11 11:55:42,fire,0.84
2026-03-11 11:55:42,fire,0.95
2026-03-11 11:55:42,fire,0.98
2026-03-11 11:55:43,fire,0.86
2026-03-11 11:55:43,fire,0.92
2026-03-11 11:55:44,fire,0.98
2026-03-11 11:55:44,fire,0.89
2026-03-11 11:55:45,fire,0.97
2026-03-11 11:55:45,fire,0.66
2026-03-11 11:55:46,fire,0.93
2026-03-11 11:55:46,fire,0.73
2026-03-11 11:55:47,fire,0.78
2026-03-11 11:55:47,fire,0.78
2026-03-11 11:55:49,fire,0.91
2026-03-11 11:55:50,fire,0.95
2026-03-11 11:55:50,fire,0.86
2026-03-11 11:55:51,fire,0.92
2026-03-11 11:55:52,fire,0.74
2026-03-11 11:55:52,fire,0.84
2026-03-11 11:55:53,fire,0.85
2026-03-11 11:55:54,fire,0.79
2026-03-11 11:55:54,fire,0.96
2026-03-11 11:55:55,fire,0.90
2026-03-11 11:55:55,fire,0.96
2026-03-11 11:55:56,fire,0.68
2026-03-11 11:55:56,fire,0.85
2026-03-11 11:55:57,fire,0.87
2026-03-11 11:55:57,fire,0.79
2026-03-11 11:55:57,fire,0.90
2026-03-11 11:55:58,fire,0.81
2026-03-11 11:55:58,fire,0.68
2026-03-11 11:55:58,fire,0.69
2026-03-11 11:55:59,fire,0.67
2026-03-11 11:55:59,fire,0.70
2026-03-11 11:56:00,fire,0.65
2026-03-11 11:56:01,fire,0.69
2026-03-11 11:56:01,fire,0.68
2026-03-11 11:56:01,fire,0.67
2026-03-11 11:56:02,fire,0.70
2026-03-11 11:56:02,fire,0.70
2026-03-11 11:56:03,fire,0.65
2026-03-11 11:56:03,fire,0.66
2026-03-11 11:56:04,fire,0.72
2026-03-11 11:56:04,fire,0.70
2026-03-11 11:56:04,fire,0.67
2026-03-11 11:56:05,fire,0.63
2026-03-11 11:56:09,fire,0.67
2026-03-11 11:56:09,fire,0.70
2026-03-11 11:56:13,fire,0.77
2026-03-11 11:56:14,fire,0.77
2026-03-11 11:56:15,fire,0.96
2026-03-11 11:56:16,fire,0.98
2026-03-11 11:56:17,fire,0.98
2026-03-11 11:56:18,fire,0.98
2026-03-11 11:56:18,fire,0.98
2026-03-11 11:56:19,fire,0.97
2026-03-11 11:56:19,fire,0.98
2026-03-11 11:56:20,fire,0.65
2026-03-11 11:56:21,fire,0.85
2026-03-11 11:56:21,fire,0.84
2026-03-11 11:56:22,fire,0.88
2026-03-11 11:56:22,fire,0.92
2026-03-11 11:56:23,fire,0.93
2026-03-11 11:56:23,fire,0.99
2026-03-11 11:56:24,fire,0.99
2026-03-11 11:56:24,fire,0.97
2026-03-11 11:56:25,fire,0.91
2026-03-11 11:56:25,fire,0.89
2026-03-11 11:56:26,fire,0.92
2026-03-11 11:56:26,fire,0.98
2026-03-11 11:56:27,fire,0.79
2026-03-11 11:56:28,fire,0.95
2026-03-11 11:56:29,fire,0.87
2026-03-11 11:56:29,fire,0.89
2026-03-11 11:56:30,fire,0.93
2026-03-11 11:56:30,fire,0.88
2026-03-11 11:56:31,fire,0.97
2026-03-11 11:56:31,fire,0.99
2026-03-11 11:56:31,fire,0.94
2026-03-11 11:56:32,fire,0.97
2026-03-11 11:56:32,fire,0.64
2026-03-11 11:56:33,fire,0.94
2026-03-11 11:56:33,fire,0.90
2026-03-11 11:56:33,fire,0.83
2026-03-11 11:56:34,fire,0.63
2026-03-11 11:56:34,fire,0.85
2026-03-11 11:56:35,fire,0.90
2026-03-11 11:56:36,fire,0.94
2026-03-11 11:56:36,fire,0.95
2026-03-11 11:56:36,fire,0.94
2026-03-11 11:56:37,fire,0.97
2026-03-11 11:56:37,fire,0.99
2026-03-11 11:56:38,fire,0.98
2026-03-11 11:56:38,fire,0.97
2026-03-11 11:56:38,fire,0.90
2026-03-11 11:56:39,fire,0.93
2026-03-11 11:56:39,fire,0.99
2026-03-11 11:56:40,fire,0.93
2026-03-11 11:56:40,fire,0.84
2026-03-11 11:56:41,fire,0.98
2026-03-11 11:56:41,fire,0.73
2026-03-11 11:56:41,fire,0.96
2026-03-11 11:56:42,fire,0.82
2026-03-11 11:56:42,fire,0.63
2026-03-11 11:56:43,fire,0.74
2026-03-11 11:56:44,fire,0.95
2026-03-11 11:56:44,fire,0.71
2026-03-11 11:56:44,fire,0.71
2026-03-11 11:56:45,fire,0.89
2026-03-11 11:56:45,fire,0.63
2026-03-11 11:56:46,fire,0.97
2026-03-11 11:56:46,fire,0.93
2026-03-11 11:56:47,fire,0.83
2026-03-11 11:56:47,fire,0.65
2026-03-11 11:56:48,fire,0.89
2026-03-11 11:56:48,fire,0.73
2026-03-11 11:56:49,fire,0.74
2026-03-11 11:56:49,fire,0.69
2026-03-11 11:56:49,fire,0.82
2026-03-11 11:56:50,fire,0.69
2026-03-11 11:56:50,fire,0.76
2026-03-11 11:56:51,fire,0.74
2026-03-11 11:56:51,fire,0.91
2026-03-11 11:56:52,fire,0.83
2026-03-11 11:56:52,fire,0.63
2026-03-11 11:56:53,fire,0.82
2026-03-11 11:56:53,fire,0.66
2026-03-11 11:56:54,fire,0.87
2026-03-11 11:56:54,fire,0.64
2026-03-11 11:56:55,fire,0.75
2026-03-11 11:56:55,fire,0.87
2026-03-11 11:56:56,fire,0.71
2026-03-11 11:56:56,fire,0.75
2026-03-11 11:56:57,fire,0.71
2026-03-11 11:56:57,fire,0.66
2026-03-11 11:56:59,fire,0.61
2026-03-11 11:56:59,fire,0.86
2026-03-11 11:57:00,fire,0.61
2026-03-11 11:57:01,fire,0.73
2026-03-11 11:57:01,fire,0.69
2026-03-11 11:57:02,fire,0.69
2026-03-11 11:57:02,fire,0.67
2026-03-11 11:57:03,fire,0.60
2026-03-11 11:57:03,fire,0.73
2026-03-11 11:57:04,fire,0.79
2026-03-11 11:57:04,fire,0.64
2026-03-11 11:57:05,fire,0.91
2026-03-11 11:57:05,fire,0.86
2026-03-11 11:57:06,fire,0.61
2026-03-11 11:57:06,fire,0.69
2026-03-11 11:57:06,fire,0.73
2026-03-11 11:57:07,fire,0.64
2026-03-11 11:57:07,fire,0.87
2026-03-11 11:57:08,fire,0.93
2026-03-11 11:57:08,fire,0.67
2026-03-11 11:57:08,fire,0.93
2026-03-11 11:57:09,fire,0.81
2026-03-11 11:57:09,fire,0.81
2026-03-11 11:57:10,fire,0.95
2026-03-11 11:57:10,fire,0.95
2026-03-11 11:57:10,fire,0.93
2026-03-11 11:57:11,fire,0.87
2026-03-11 11:57:11,fire,0.82
2026-03-11 11:57:12,fire,0.76
2026-03-11 11:57:12,fire,0.75
2026-03-11 11:57:13,fire,0.67
2026-03-11 11:57:13,fire,0.71
2026-03-11 11:57:13,fire,0.60
2026-03-11 11:57:14,fire,0.71
2026-03-11 11:57:14,fire,0.80
2026-03-11 11:57:15,fire,0.75
2026-03-11 11:57:17,fire,0.63
2026-03-11 11:57:17,fire,0.67
2026-03-11 11:57:18,fire,0.69
2026-03-11 11:57:18,fire,0.68
2026-03-11 11:57:19,fire,0.64
2026-03-11 11:57:20,fire,0.60
2026-03-11 11:57:20,fire,0.63
2026-03-11 11:57:21,fire,0.63
2026-03-11 11:57:22,fire,0.68
2026-03-11 11:57:22,fire,0.66
2026-03-11 11:57:23,fire,0.64
2026-03-11 11:57:23,fire,0.64
2026-03-11 11:57:24,fire,0.63
2026-03-11 11:57:25,fire,0.61
2026-03-11 11:57:25,fire,0.60
2026-03-11 11:57:26,fire,0.61
2026-03-11 11:57:26,fire,0.63
2026-03-11 11:57:27,fire,0.62
2026-03-11 11:57:28,fire,0.62
2026-03-11 11:57:28,fire,0.66
2026-03-11 11:57:29,fire,0.67
2026-03-11 11:57:29,fire,0.60
2026-03-11 11:57:30,fire,0.64
2026-03-11 11:57:31,fire,0.64
2026-03-11 11:57:31,fire,0.62
2026-03-11 11:57:32,fire,0.62
2026-03-11 11:57:32,fire,0.61
2026-03-11 11:57:32,fire,0.61
2026-03-11 11:57:33,fire,0.70
2026-03-11 11:57:33,fire,0.65
2026-03-11 11:57:33,fire,0.66
2026-03-11 11:57:34,fire,0.67
2026-03-11 11:57:36,fire,0.61
2026-03-11 11:57:36,fire,0.65
2026-03-11 11:57:39,fire,0.77
2026-03-11 11:57:39,fire,0.71
2026-03-11 11:57:40,fire,0.70
2026-03-11 11:57:40,fire,0.68
2026-03-11 11:57:41,fire,0.95
2026-03-11 11:57:41,fire,0.78
2026-03-11 11:57:41,fire,0.93
2026-03-11 11:57:42,fire,0.86
2026-03-11 11:57:42,fire,0.65
2026-03-11 11:57:43,fire,0.97
2026-03-11 11:57:43,fire,0.84
2026-03-11 11:57:44,fire,0.95
2026-03-11 11:57:44,fire,0.98
2026-03-11 11:57:45,fire,0.96
2026-03-11 11:57:45,fire,0.79
2026-03-11 11:57:46,fire,0.71
2026-03-11 11:57:47,fire,0.89
2026-03-11 11:57:47,fire,0.79
2026-03-11 11:57:48,fire,0.76
2026-03-11 11:57:48,fire,0.63
2026-03-11 11:57:49,fire,0.84
2026-03-11 11:57:49,fire,0.71
2026-03-11 11:57:50,fire,0.89
2026-03-11 11:57:50,fire,0.67
2026-03-11 11:57:51,fire,0.61
2026-03-11 11:57:51,fire,0.69
2026-03-11 11:57:52,fire,0.70
2026-03-11 11:57:52,fire,0.73
2026-03-11 11:57:53,fire,0.75
2026-03-11 11:57:53,fire,0.74
2026-03-11 11:57:53,fire,0.73
2026-03-11 11:57:54,fire,0.79
2026-03-11 11:57:54,fire,0.75
2026-03-11 11:57:55,fire,0.79
2026-03-11 11:57:55,fire,0.75
2026-03-11 11:57:56,fire,0.74
2026-03-11 11:57:56,fire,0.75
2026-03-11 11:57:57,fire,0.64
2026-03-11 11:57:57,fire,0.68
2026-03-11 11:57:58,fire,0.76
2026-03-11 11:57:58,fire,0.61
2026-03-11 11:57:59,fire,0.71
2026-03-11 11:58:00,fire,0.75
2026-03-11 11:58:00,fire,0.60
2026-03-11 11:58:02,fire,0.84
2026-03-11 11:58:02,fire,0.71
2026-03-11 11:58:04,fire,0.65
2026-03-11 11:58:05,fire,0.86
2026-03-11 11:58:05,fire,0.70
2026-03-11 11:58:07,fire,0.61
2026-03-11 11:58:08,fire,0.64
2026-03-11 11:58:09,fire,0.63
2026-03-11 11:58:10,fire,0.62
2026-03-11 11:58:10,fire,0.66
2026-03-11 11:58:11,fire,0.60
2026-03-11 11:58:12,fire,0.61
2026-03-11 11:58:12,fire,0.61
2026-03-11 11:58:13,fire,0.64
2026-03-11 11:58:16,fire,0.62
2026-03-11 11:58:19,fire,0.78
2026-03-11 11:58:25,fire,0.70
2026-03-11 11:58:31,fire,0.68
2026-03-11 11:58:32,fire,0.70
2026-03-11 11:58:33,fire,0.74
2026-03-11 11:58:33,fire,0.61
2026-03-11 11:58:34,fire,0.64
2026-03-11 11:58:35,fire,0.71
2026-03-11 11:58:35,fire,0.88
2026-03-11 11:58:36,fire,0.64
2026-03-11 11:58:37,fire,0.72
2026-03-11 11:58:39,fire,0.71
2026-03-11 11:58:41,fire,0.65
2026-03-11 11:58:42,fire,0.97
2026-03-11 11:58:42,fire,0.79
2026-03-11 11:58:43,fire,0.98
2026-03-11 11:58:43,fire,0.68
2026-03-11 11:58:43,fire,0.97
2026-03-11 11:58:44,fire,0.96
2026-03-11 11:58:44,fire,0.73
2026-03-11 11:58:45,fire,0.69
2026-03-11 11:58:45,fire,0.69
2026-03-11 11:58:46,fire,0.69
2026-03-11 11:58:46,fire,0.71
2026-03-11 11:58:47,fire,0.86
2026-03-11 11:58:48,fire,0.64
2026-03-11 11:58:48,fire,0.71
2026-03-11 11:58:49,fire,0.63
2026-03-11 11:58:49,fire,0.67
2026-03-11 11:58:50,fire,0.96
2026-03-11 11:58:50,fire,0.67
2026-03-11 11:58:51,fire,0.82
2026-03-11 11:58:51,fire,0.67
2026-03-11 11:58:52,fire,0.91
2026-03-11 11:58:52,fire,0.89
2026-03-11 11:58:52,fire,0.91
2026-03-11 11:58:53,fire,0.60
2026-03-11 11:58:53,fire,0.65
2026-03-11 11:58:54,fire,0.74
2026-03-11 11:58:54,fire,0.74
2026-03-11 11:58:54,fire,0.71
2026-03-11 11:58:55,fire,0.65
2026-03-11 11:58:55,fire,0.70
2026-03-11 11:58:56,fire,0.72
2026-03-11 11:58:56,fire,0.74
2026-03-11 11:58:56,fire,0.76
2026-03-11 11:58:57,fire,0.73
2026-03-11 11:58:57,fire,0.90
2026-03-11 11:58:57,fire,0.76
2026-03-11 11:58:58,fire,0.74
2026-03-11 11:58:58,fire,0.88
2026-03-11 11:58:59,fire,0.75
2026-03-11 11:58:59,fire,0.71
2026-03-11 11:58:59,fire,0.68
2026-03-11 11:59:00,fire,0.81
2026-03-11 11:59:01,fire,0.69
2026-03-11 11:59:01,fire,0.83
2026-03-11 11:59:02,fire,0.75
2026-03-11 11:59:02,fire,0.70
2026-03-11 11:59:03,fire,0.83
2026-03-11 11:59:03,fire,0.67
2026-03-11 11:59:04,fire,0.69
2026-03-11 11:59:04,fire,0.87
2026-03-11 11:59:05,fire,0.84
2026-03-11 11:59:05,fire,0.63
2026-03-11 11:59:06,fire,0.73
2026-03-11 11:59:06,fire,0.76
2026-03-11 11:59:07,fire,0.77
2026-03-11 11:59:07,fire,0.76
2026-03-11 11:59:08,fire,0.75
2026-03-11 11:59:08,fire,0.96
2026-03-11 11:59:09,fire,0.95
2026-03-11 11:59:09,fire,0.73
2026-03-11 11:59:10,fire,0.74
2026-03-11 11:59:10,fire,0.74
2026-03-11 11:59:10,fire,0.73
2026-03-11 11:59:11,fire,0.81
2026-03-11 11:59:11,fire,0.76
2026-03-11 11:59:12,fire,0.80
2026-03-11 11:59:12,fire,0.75
2026-03-11 11:59:12,fire,0.89
2026-03-11 11:59:13,fire,0.80
2026-03-11 11:59:13,fire,0.82
2026-03-11 11:59:14,fire,0.86
2026-03-11 11:59:14,fire,0.70
2026-03-11 11:59:15,fire,0.82
2026-03-11 11:59:15,fire,0.83
2026-03-11 11:59:16,fire,0.92
2026-03-11 11:59:16,fire,0.69
2026-03-11 11:59:16,fire,0.85
2026-03-11 11:59:17,fire,0.80
2026-03-11 11:59:17,fire,0.61
2026-03-11 11:59:19,fire,0.71
2026-03-11 11:59:20,fire,0.68
2026-03-11 11:59:21,fire,0.72
2026-03-11 11:59:21,fire,0.78
2026-03-11 11:59:22,fire,0.66
2026-03-11 11:59:26,fire,0.68
2026-03-11 11:59:27,fire,0.66
2026-03-11 11:59:30,fire,0.66
2026-03-11 11:59:31,fire,0.71
2026-03-11 11:59:34,fire,0.62
2026-03-11 11:59:35,fire,0.64
2026-03-11 11:59:37,fire,0.66
2026-03-11 11:59:38,fire,0.62
2026-03-11 11:59:39,fire,0.65
2026-03-11 11:59:40,fire,0.74
2026-03-11 11:59:40,fire,0.77
2026-03-11 11:59:41,fire,0.77
2026-03-11 11:59:41,fire,0.86
2026-03-11 11:59:42,fire,0.62
2026-03-11 11:59:42,fire,0.73
2026-03-11 11:59:42,fire,0.83
2026-03-11 11:59:43,fire,0.71
2026-03-11 11:59:43,fire,0.63
2026-03-11 11:59:43,fire,0.85
2026-03-11 11:59:44,fire,0.68
2026-03-11 11:59:45,fire,0.69
2026-03-11 11:59:45,fire,0.73
2026-03-11 11:59:46,fire,0.77
2026-03-11 11:59:46,fire,0.68
2026-03-11 11:59:47,fire,0.68
2026-03-11 11:59:47,fire,0.73
2026-03-11 11:59:48,fire,0.72
2026-03-11 11:59:48,fire,0.68
2026-03-11 11:59:50,fire,0.87
2026-03-11 11:59:51,fire,0.60
2026-03-11 11:59:51,fire,0.64
2026-03-11 11:59:52,fire,0.67
2026-03-11 11:59:53,fire,0.85
2026-03-11 11:59:53,fire,0.79
2026-03-11 11:59:54,fire,0.60
2026-03-11 11:59:55,fire,0.68
2026-03-11 11:59:55,fire,0.66
2026-03-11 11:59:55,fire,0.73
2026-03-11 11:59:56,fire,0.78
2026-03-11 11:59:56,fire,0.69
2026-03-11 11:59:57,fire,0.72
2026-03-11 11:59:57,fire,0.64
2026-03-11 11:59:58,fire,0.64
2026-03-11 11:59:58,fire,0.66
2026-03-11 11:59:59,fire,0.60
2026-03-11 11:59:59,fire,0.77
2026-03-11 12:00:00,fire,0.90
2026-03-11 12:00:00,fire,0.91
2026-03-11 12:00:01,fire,0.97
2026-03-11 12:00:01,fire,0.75
2026-03-11 12:00:02,fire,0.74
2026-03-11 12:00:02,fire,0.75
2026-03-11 12:00:03,fire,0.70
2026-03-11 12:00:03,fire,0.73
2026-03-11 12:00:04,fire,0.72
2026-03-11 12:00:04,fire,0.73
2026-03-11 12:00:05,fire,0.77
2026-03-11 12:00:05,fire,0.76
2026-03-11 12:00:06,fire,0.64
2026-03-11 12:00:06,fire,0.66
2026-03-11 12:00:07,fire,0.64
2026-03-11 12:00:07,fire,0.81
2026-03-11 12:00:07,fire,0.69
2026-03-11 12:00:08,fire,0.74
2026-03-11 12:00:08,fire,0.78
2026-03-11 12:00:09,fire,0.74
2026-03-11 12:00:09,fire,0.76
2026-03-11 12:00:10,fire,0.68
2026-03-11 12:00:10,fire,0.78
2026-03-11 12:00:10,fire,0.72
2026-03-11 12:00:11,fire,0.81
2026-03-11 12:00:11,fire,0.77
2026-03-11 12:00:12,fire,0.63
2026-03-11 12:00:12,fire,0.62
2026-03-11 12:00:12,fire,0.81
2026-03-11 12:00:13,fire,0.75
2026-03-11 12:00:13,fire,0.79
2026-03-11 12:00:14,fire,0.83
2026-03-11 12:00:14,fire,0.74
2026-03-11 12:00:15,fire,0.70
2026-03-11 12:00:15,fire,0.77
2026-03-11 12:00:16,fire,0.74
2026-03-11 12:00:16,fire,0.90
2026-03-11 12:00:16,fire,0.82
2026-03-11 12:00:17,fire,0.71
2026-03-11 12:00:17,fire,0.72
2026-03-11 12:00:18,fire,0.72
2026-03-11 12:00:18,fire,0.69
2026-03-11 12:00:18,fire,0.66
2026-03-11 12:00:19,fire,0.65
2026-03-11 12:00:20,fire,0.65
2026-03-11 12:00:21,fire,0.66
2026-03-11 12:00:25,fire,0.81
2026-03-11 12:00:25,fire,0.61
2026-03-11 12:00:28,fire,0.61
2026-03-11 12:00:29,fire,0.62
2026-03-11 12:00:29,fire,0.63
2026-03-11 12:00:30,fire,0.63
2026-03-11 12:00:30,fire,0.61
2026-03-11 12:00:31,fire,0.64
2026-03-11 12:00:32,fire,0.66
2026-03-11 12:00:32,fire,0.66
2026-03-11 12:00:33,fire,0.61
2026-03-11 12:00:33,fire,0.62
2026-03-11 12:00:34,fire,0.94
2026-03-11 12:00:34,fire,0.79
2026-03-11 12:00:35,fire,0.69
2026-03-11 12:00:35,fire,0.78
2026-03-11 12:00:36,fire,0.89
2026-03-11 12:00:36,fire,0.73
2026-03-11 12:00:37,fire,0.88
2026-03-11 12:00:37,fire,0.61
2026-03-11 12:00:38,fire,0.89
2026-03-11 12:00:39,fire,0.93
2026-03-11 12:00:39,fire,0.93
2026-03-11 12:00:40,fire,0.71
2026-03-11 12:00:40,fire,0.69
2026-03-11 12:00:43,fire,0.64
2026-03-11 12:00:43,fire,0.68
2026-03-11 12:00:43,fire,0.66
2026-03-11 12:00:44,fire,0.67
2026-03-11 12:00:44,fire,0.81
2026-03-11 12:00:45,fire,0.68
2026-03-11 12:00:45,fire,0.71
2026-03-11 12:00:46,fire,0.83
2026-03-11 12:00:46,fire,0.72
2026-03-11 12:00:46,fire,0.70
2026-03-11 12:00:47,fire,0.68
2026-03-11 12:00:48,fire,0.63
2026-03-11 12:00:48,fire,0.69
2026-03-11 12:00:49,fire,0.65
2026-03-11 12:00:49,fire,0.64
2026-03-11 12:00:49,fire,0.66
2026-03-11 12:00:50,fire,0.65
2026-03-11 12:00:50,fire,0.61
2026-03-11 12:00:51,fire,0.62
2026-03-11 12:00:51,fire,0.76
2026-03-11 12:00:56,fire,0.60
2026-03-11 12:00:56,fire,0.69
2026-03-11 12:00:57,fire,0.63
2026-03-11 12:01:05,fire,0.88
2026-03-11 12:01:08,fire,0.72
2026-03-11 12:01:09,fire,0.93
2026-03-11 12:01:09,fire,0.80
2026-03-11 12:01:09,fire,0.79
2026-03-11 12:01:10,fire,0.84
2026-03-11 12:01:11,fire,0.83
2026-03-11 12:01:11,fire,0.85
2026-03-11 12:01:12,fire,0.63
2026-03-11 12:01:13,fire,0.81
2026-03-11 12:01:13,fire,0.80
2026-03-11 12:01:14,fire,0.70
2026-03-11 12:01:15,fire,0.66
2026-03-11 12:01:15,fire,0.63
2026-03-11 12:01:16,fire,0.81
2026-03-11 12:01:16,fire,0.88
2026-03-11 12:01:17,fire,0.91
2026-03-11 12:01:17,fire,0.96
2026-03-11 12:01:18,fire,0.68
2026-03-11 12:01:19,fire,0.89
2026-03-11 12:01:20,fire,0.73
2026-03-11 12:01:21,fire,0.74
2026-03-11 12:01:21,fire,0.78
2026-03-11 12:01:22,fire,0.74
2026-03-11 12:01:22,fire,0.78
2026-03-11 12:01:23,fire,0.63
2026-03-11 12:01:24,fire,0.78
2026-03-11 12:01:24,fire,0.65
2026-03-11 12:01:26,fire,0.80
2026-03-11 12:01:27,fire,0.72
2026-03-11 12:01:28,fire,0.72
2026-03-11 12:01:29,fire,0.72
2026-03-11 12:01:29,fire,0.71
2026-03-11 12:01:30,fire,0.78
2026-03-11 12:01:31,fire,0.63
2026-03-11 12:01:32,fire,0.73
2026-03-11 12:01:32,fire,0.66
2026-03-11 12:01:33,fire,0.68
2026-03-11 12:01:33,fire,0.78
2026-03-11 12:01:35,fire,0.78
2026-03-11 12:01:35,fire,0.95
2026-03-11 12:01:36,fire,0.74
2026-03-11 12:01:37,fire,0.80
2026-03-11 12:01:38,fire,0.73
2026-03-11 12:01:38,fire,0.64
2026-03-11 12:01:39,fire,0.73
2026-03-11 12:01:40,fire,0.71
2026-03-11 12:01:40,fire,0.72
2026-03-11 12:01:41,fire,0.60
2026-03-11 12:01:43,fire,0.73
2026-03-11 12:01:44,fire,0.79
2026-03-11 12:01:44,fire,0.65
2026-03-11 12:01:44,fire,0.66
2026-03-11 12:01:45,fire,0.69
2026-03-11 12:01:47,fire,0.77
2026-03-11 12:01:47,fire,0.72
2026-03-11 12:01:48,fire,0.72
2026-03-11 12:01:48,fire,0.62
2026-03-11 12:01:49,fire,0.65
2026-03-11 12:01:49,fire,0.82
2026-03-11 12:01:50,fire,0.70
2026-03-11 12:01:51,fire,0.65
2026-03-11 12:01:51,fire,0.73
2026-03-11 12:01:52,fire,0.66
2026-03-11 12:01:52,fire,0.67
2026-03-11 12:01:53,fire,0.76
2026-03-11 12:01:54,fire,0.74
2026-03-11 12:01:54,fire,0.67
2026-03-11 12:01:57,fire,0.62
2026-03-11 12:01:57,fire,0.62
2026-03-11 12:01:58,fire,0.89
2026-03-11 12:01:59,fire,0.61
2026-03-11 12:01:59,fire,0.80
2026-03-11 12:01:59,fire,0.82
2026-03-11 12:02:00,fire,0.75
2026-03-11 12:02:00,fire,0.87
2026-03-11 12:02:01,fire,0.75
2026-03-11 12:02:01,fire,0.79
2026-03-11 12:02:04,fire,0.68
2026-03-11 12:02:04,fire,0.82
2026-03-11 12:02:05,fire,0.67
2026-03-11 12:02:05,fire,0.70
2026-03-11 12:02:06,fire,0.69
2026-03-11 12:02:06,fire,0.72
2026-03-11 12:02:06,fire,0.65
2026-03-11 12:02:07,fire,0.73
2026-03-11 12:02:07,fire,0.65
2026-03-11 12:02:08,fire,0.69
2026-03-11 12:02:08,fire,0.75
2026-03-11 12:02:08,fire,0.78
2026-03-11 12:02:09,fire,0.70
2026-03-11 12:02:09,fire,0.76
2026-03-11 12:02:10,fire,0.81
2026-03-11 12:02:10,fire,0.66
2026-03-11 12:02:11,fire,0.63
2026-03-11 12:02:11,fire,0.66
2026-03-11 12:02:11,fire,0.61
2026-03-11 12:02:13,fire,0.61
2026-03-11 12:02:13,fire,0.69
2026-03-11 12:02:15,fire,0.62
2026-03-11 12:02:16,fire,0.68
2026-03-11 12:02:16,fire,0.72
2026-03-11 12:02:17,fire,0.66
2026-03-11 12:02:17,fire,0.67
2026-03-11 12:02:18,fire,0.68
2026-03-11 12:02:18,fire,0.64
2026-03-11 12:02:18,fire,0.71
2026-03-11 12:02:19,fire,0.64
2026-03-11 12:02:20,fire,0.68
2026-03-11 12:02:20,fire,0.80
2026-03-11 12:02:21,fire,0.63
2026-03-11 12:02:23,fire,0.84
2026-03-11 12:02:23,fire,0.77
2026-03-11 12:02:24,fire,0.71
2026-03-11 12:02:24,fire,0.75
2026-03-11 12:02:24,fire,0.67
2026-03-11 12:02:25,fire,0.82
2026-03-11 12:02:26,fire,0.61
2026-03-11 12:02:27,fire,0.89
2026-03-11 12:02:28,fire,0.82
2026-03-11 12:02:28,fire,0.63
2026-03-11 12:02:29,fire,0.67
2026-03-11 12:02:29,fire,0.76
2026-03-11 12:02:30,fire,0.65
2026-03-11 12:02:30,fire,0.64
2026-03-11 12:02:31,fire,0.71
2026-03-11 12:02:31,fire,0.66
2026-03-11 12:02:32,fire,0.90
2026-03-11 12:02:33,fire,0.75
2026-03-11 12:02:33,fire,0.80
2026-03-11 12:02:34,fire,0.62
2026-03-11 12:02:34,fire,0.61
2026-03-11 12:02:35,fire,0.85
2026-03-11 12:02:35,fire,0.63
2026-03-11 12:02:35,fire,0.70
2026-03-11 12:02:36,fire,0.93
2026-03-11 12:02:37,fire,0.79
2026-03-11 12:02:37,fire,0.70
2026-03-11 12:02:38,fire,0.74
2026-03-11 12:02:38,fire,0.68
2026-03-11 12:02:39,fire,0.61
2026-03-11 12:02:39,fire,0.62
2026-03-11 12:02:40,fire,0.72
2026-03-11 12:02:40,fire,0.80
2026-03-11 12:02:41,fire,0.61
2026-03-11 12:02:42,fire,0.75
2026-03-11 12:02:42,fire,0.70
2026-03-11 12:02:43,fire,0.83
2026-03-11 12:02:43,fire,0.71
2026-03-11 12:02:44,fire,0.65
2026-03-11 12:02:44,fire,0.75
2026-03-11 12:02:44,fire,0.75
2026-03-11 12:02:45,fire,0.61
2026-03-11 12:02:45,fire,0.80
2026-03-11 12:02:46,fire,0.65
2026-03-11 12:02:47,fire,0.62
2026-03-11 12:02:48,fire,0.64
2026-03-11 12:02:48,fire,0.81
2026-03-11 12:02:49,fire,0.83
2026-03-11 12:02:49,fire,0.81
2026-03-11 12:02:49,fire,0.71
2026-03-11 12:02:50,fire,0.99
2026-03-11 12:02:50,fire,0.98
2026-03-11 12:02:51,fire,0.98
2026-03-11 12:02:51,fire,0.97
2026-03-11 12:02:51,fire,0.69
2026-03-11 12:02:52,fire,0.78
2026-03-11 12:02:52,fire,0.96
2026-03-11 12:02:52,fire,0.98
2026-03-11 12:02:53,fire,0.96
2026-03-11 12:02:53,fire,0.92
2026-03-11 12:02:54,fire,0.98
2026-03-11 12:02:54,fire,0.94
2026-03-11 12:02:54,fire,0.84
2026-03-11 12:02:55,fire,0.84
2026-03-11 12:02:55,fire,0.79
2026-03-11 12:02:57,fire,0.74
2026-03-11 12:02:57,fire,0.74
2026-03-11 12:02:57,fire,0.76
2026-03-11 12:02:58,fire,0.85
2026-03-11 12:02:58,fire,0.74
2026-03-11 12:02:58,fire,0.70
2026-03-11 12:02:59,fire,0.71
2026-03-11 12:02:59,fire,0.65
2026-03-11 12:03:00,fire,0.67
2026-03-11 12:03:00,fire,0.79
2026-03-11 12:03:00,fire,0.78
2026-03-11 12:03:01,fire,0.69
2026-03-11 12:03:01,fire,0.62
2026-03-11 12:03:02,fire,0.62
2026-03-11 12:03:02,fire,0.86
2026-03-11 12:03:02,fire,0.76
2026-03-11 12:03:03,fire,0.92
2026-03-11 12:03:03,fire,0.89
2026-03-11 12:03:04,fire,0.86
2026-03-11 12:03:04,fire,0.69
2026-03-11 12:03:04,fire,0.67
2026-03-11 12:03:05,fire,0.73
2026-03-11 12:03:05,fire,0.90
2026-03-11 12:03:05,fire,0.80
2026-03-11 12:03:06,fire,0.96
2026-03-11 12:03:06,fire,0.83
2026-03-11 12:03:07,fire,0.71
2026-03-11 12:03:07,fire,0.88
2026-03-11 12:03:07,fire,0.99
2026-03-11 12:03:08,fire,0.83
2026-03-11 12:03:08,fire,0.62
2026-03-11 12:03:08,fire,0.66
2026-03-11 12:03:09,fire,0.63
2026-03-11 12:03:09,fire,0.66
2026-03-11 12:03:10,fire,0.78
2026-03-11 12:03:10,fire,0.86
2026-03-11 12:03:11,fire,0.61
2026-03-11 12:03:13,fire,0.95
2026-03-11 12:03:14,fire,0.71
2026-03-11 12:03:15,fire,0.76
2026-03-11 12:03:15,fire,0.68
2026-03-11 12:03:16,fire,0.72
2026-03-11 12:03:19,fire,0.63
2026-03-11 12:03:20,fire,0.78
2026-03-11 12:03:20,fire,0.62
2026-03-11 12:03:21,fire,0.60
2026-03-11 12:03:22,fire,0.76
2026-03-11 12:03:23,fire,0.71
2026-03-11 12:03:23,fire,0.71
2026-03-11 12:03:23,fire,0.72
2026-03-11 12:03:24,fire,0.76
2026-03-11 12:03:24,fire,0.73
2026-03-11 12:03:25,fire,0.79
2026-03-11 12:03:25,fire,0.61
2026-03-11 12:03:28,fire,0.65
2026-03-11 12:03:29,fire,0.69
2026-03-11 12:03:31,fire,0.71
2026-03-11 12:03:32,fire,0.76
2026-03-11 12:03:33,fire,0.77
2026-03-11 12:03:33,fire,0.80
2026-03-11 12:03:34,fire,0.77
2026-03-11 12:03:34,fire,0.79
2026-03-11 12:03:35,fire,0.79
2026-03-11 12:03:35,fire,0.78
2026-03-11 12:03:36,fire,0.77
2026-03-11 12:03:37,fire,0.73
2026-03-11 12:03:38,fire,0.76
2026-03-11 12:03:38,fire,0.84
2026-03-11 12:03:38,fire,0.66
2026-03-11 12:03:39,fire,0.64
2026-03-11 12:03:40,fire,0.64
2026-03-11 12:03:40,fire,0.67
2026-03-11 12:03:41,fire,0.66
2026-03-11 12:03:42,fire,0.85
2026-03-11 12:03:42,fire,0.82
2026-03-11 12:03:42,fire,0.81
2026-03-11 12:03:43,fire,0.79
2026-03-11 12:03:43,fire,0.83
2026-03-11 12:03:44,fire,0.84
2026-03-11 12:03:44,fire,0.79
2026-03-11 12:03:45,fire,0.75
2026-03-11 12:03:46,fire,0.82
2026-03-11 12:03:47,fire,0.76
2026-03-11 12:03:47,fire,0.78
2026-03-11 12:03:48,fire,0.78
2026-03-11 12:03:48,fire,0.79
2026-03-11 12:03:49,fire,0.79
2026-03-11 12:03:50,fire,0.75
2026-03-11 12:03:50,fire,0.73
2026-03-11 12:03:51,fire,0.77
2026-03-11 12:03:51,fire,0.81
2026-03-11 12:03:52,fire,0.78
2026-03-11 12:03:52,fire,0.80
2026-03-11 12:03:54,fire,0.84
2026-03-11 12:03:55,fire,0.76
2026-03-11 12:03:56,fire,0.82
2026-03-11 12:03:57,fire,0.85
2026-03-11 12:03:58,fire,0.87
2026-03-11 12:03:59,fire,0.70
2026-03-11 12:04:00,fire,0.64
2026-03-11 12:04:01,fire,0.69
2026-03-11 12:04:02,fire,0.75
2026-03-11 12:04:03,fire,0.67
2026-03-11 12:04:04,fire,0.74
2026-03-11 12:04:04,fire,0.79
2026-03-11 12:04:05,fire,0.75
2026-03-11 12:04:06,fire,0.75
2026-03-11 12:04:07,fire,0.81
2026-03-11 12:04:07,fire,0.82
2026-03-11 12:04:08,fire,0.80
2026-03-11 12:04:09,fire,0.82
2026-03-11 12:04:09,fire,0.80
2026-03-11 12:04:10,fire,0.73
2026-03-11 12:04:10,fire,0.74
2026-03-11 12:04:11,fire,0.66
2026-03-11 12:04:12,fire,0.67
2026-03-11 12:04:12,fire,0.73
2026-03-11 12:04:13,fire,0.72
2026-03-11 12:04:14,fire,0.76
2026-03-11 12:04:15,fire,0.78
2026-03-11 12:04:15,fire,0.88
2026-03-11 12:04:16,fire,0.69
2026-03-11 12:04:18,fire,0.73
2026-03-26 22:22:58,fire,0.63
2026-03-26 22:22:59,fire,0.63
2026-03-26 22:24:03,fire,0.79
2026-03-26 22:24:06,fire,0.90
2026-03-26 22:24:08,fire,0.73
2026-03-26 22:24:08,fire,0.64
2026-03-26 22:24:09,fire,0.90
2026-03-26 22:24:09,fire,0.67
2026-03-26 22:24:10,fire,0.86
2026-03-26 22:24:10,fire,0.91
2026-03-26 22:24:11,fire,0.64
2026-03-26 22:24:11,fire,0.60
2026-03-26 22:24:12,fire,0.69
2026-03-26 22:24:12,fire,0.65
2026-03-26 22:24:12,fire,0.69
2026-03-26 22:24:13,fire,0.85
2026-03-26 22:24:14,fire,0.72
2026-03-26 22:24:14,fire,0.60
2026-03-26 22:24:15,fire,0.87
2026-03-26 22:24:15,fire,0.70
2026-03-26 22:24:15,fire,0.80
2026-03-26 22:24:16,fire,0.89
2026-03-26 22:24:16,fire,0.86
2026-03-26 22:24:17,fire,0.76
2026-03-26 22:24:17,fire,0.89
2026-03-26 22:24:17,fire,0.92
2026-03-26 22:24:18,fire,0.63
2026-03-26 22:24:18,fire,0.79
2026-03-26 22:24:19,fire,0.74
2026-03-26 22:24:19,fire,0.84
2026-03-26 22:24:20,fire,0.90
2026-03-26 22:24:20,fire,0.85
2026-03-26 22:24:20,fire,0.91
2026-03-26 22:24:21,fire,0.70
2026-03-26 22:24:21,fire,0.79
2026-03-26 22:24:22,fire,0.61
2026-03-26 22:24:22,fire,0.89
2026-03-26 22:24:22,fire,0.86
2026-03-26 22:24:23,fire,0.76
2026-03-26 22:24:23,fire,0.75
2026-03-26 22:24:24,fire,0.90
2026-03-26 22:26:36,fire,0.89
2026-03-26 22:26:36,fire,0.77
2026-03-26 22:26:37,fire,0.63
2026-03-26 22:26:38,fire,0.80
2026-03-26 22:26:39,fire,0.68
2026-03-26 22:26:39,fire,0.88
2026-03-26 22:26:39,fire,0.70
2026-03-26 22:26:40,fire,0.76
2026-03-26 22:26:40,fire,0.71
2026-03-26 22:26:41,fire,0.70
2026-03-26 22:26:41,fire,0.81
2026-03-26 22:26:42,fire,0.77
2026-03-26 22:26:42,fire,0.61
2026-03-26 22:26:43,fire,0.73
2026-03-26 22:26:43,fire,0.69
2026-03-26 22:26:43,fire,0.66
2026-03-26 22:26:44,fire,0.78
2026-03-26 22:26:44,fire,0.64
2026-03-26 22:26:44,fire,0.76
2026-03-26 22:26:45,fire,0.74
2026-03-26 22:26:45,fire,0.71
2026-03-26 22:26:45,fire,0.75
2026-03-26 22:26:46,fire,0.66
2026-03-26 22:26:47,fire,0.68
2026-03-26 22:26:47,fire,0.81
2026-03-26 22:26:48,fire,0.73
2026-03-26 22:26:48,fire,0.70
2026-03-26 22:26:49,fire,0.89
2026-03-26 22:26:49,fire,0.68
2026-03-26 22:26:49,fire,0.69
2026-03-26 22:26:51,fire,0.89
2026-03-26 22:26:51,fire,0.61
2026-03-26 22:26:51,fire,0.90
2026-03-26 22:32:29,fire,0.61
2026-03-26 22:32:34,fire,0.83
2026-03-26 22:32:34,fire,0.76
2026-03-26 22:32:35,fire,0.64
2026-03-26 22:32:36,fire,0.66
2026-03-26 22:32:37,fire,0.62
2026-03-26 22:32:45,fire,0.60
2026-03-26 22:32:49,fire,0.61
2026-03-26 22:32:49,fire,0.77
2026-03-26 22:32:50,fire,0.85
2026-03-26 22:32:50,fire,0.72
2026-03-26 22:32:51,fire,0.60
2026-03-26 22:32:52,fire,0.75
2026-03-26 22:32:52,fire,0.65
2026-03-26 22:32:53,fire,0.68
2026-03-26 22:32:55,fire,0.61
2026-03-26 22:32:55,fire,0.69
2026-03-26 22:32:58,fire,0.61
2026-03-26 22:33:18,fire,0.61
2026-03-26 22:33:19,fire,0.81
2026-03-26 22:33:23,fire,0.61
2026-03-26 22:33:24,fire,0.65
2026-03-26 22:33:25,fire,0.61
2026-03-26 22:33:33,fire,0.73
2026-03-26 22:33:36,fire,0.64
2026-03-26 22:33:39,fire,0.81
2026-03-26 22:33:40,fire,0.66
2026-03-26 22:33:40,fire,0.61
2026-03-26 22:33:43,fire,0.68
2026-03-26 22:33:43,fire,0.63
2026-03-26 22:33:44,fire,0.70
2026-03-26 22:33:48,fire,0.84
2026-03-26 22:33:48,fire,0.62
2026-03-26 22:33:49,fire,0.65
2026-03-26 22:33:56,fire,0.80
2026-03-26 22:34:01,fire,0.66
2026-03-26 22:36:55,fire,0.85
2026-03-26 22:37:03,fire,0.67
2026-03-26 22:37:05,fire,0.77
2026-03-26 22:37:11,fire,0.66
2026-03-26 22:37:14,fire,0.68
2026-03-26 22:37:19,fire,0.91
2026-03-26 22:37:21,fire,0.66
2026-03-26 22:37:23,fire,0.85
2026-03-26 22:37:40,fire,0.78
2026-03-26 22:37:42,fire,0.89
2026-03-26 22:37:43,fire,0.77
2026-03-26 22:37:44,fire,0.68
2026-03-26 22:37:45,fire,0.65
2026-03-26 22:37:56,fire,0.78
2026-03-26 22:37:58,fire,0.70
2026-03-26 22:37:59,fire,0.69
2026-03-26 22:38:00,fire,0.92
2026-03-26 22:38:01,fire,0.93
2026-03-26 22:38:03,fire,0.95
2026-03-26 22:38:04,fire,0.85
2026-03-26 22:38:05,fire,0.67
2026-03-26 22:38:06,fire,0.81
2026-03-26 23:17:03,fire,0.61
2026-03-26 23:17:04,fire,0.80
2026-03-26 23:17:05,fire,0.94
2026-03-26 23:17:05,fire,0.93
2026-03-26 23:17:05,fire,0.97
2026-03-26 23:17:06,fire,0.97
2026-03-26 23:17:06,fire,0.93
2026-03-26 23:17:06,fire,0.77
2026-03-26 23:17:07,fire,0.93
2026-03-26 23:17:07,fire,0.94
2026-03-26 23:17:07,fire,0.94
2026-03-26 23:17:08,fire,0.96
2026-03-26 23:17:08,fire,0.95
2026-03-26 23:17:08,fire,0.96
2026-03-26 23:17:09,fire,0.93
2026-03-26 23:17:09,fire,0.84
2026-03-26 23:17:09,fire,0.77
2026-03-26 23:17:10,fire,0.64
2026-03-26 23:17:10,fire,0.75
2026-03-26 23:17:10,fire,0.81
2026-03-26 23:17:11,fire,0.90
2026-03-26 23:17:11,fire,0.91
2026-03-26 23:17:11,fire,0.97
2026-03-26 23:17:12,fire,0.97
2026-03-26 23:17:12,fire,0.98
2026-03-26 23:17:13,fire,0.97
2026-03-26 23:17:13,fire,0.98
2026-03-26 23:17:13,fire,0.98
2026-03-26 23:17:14,fire,0.98
2026-03-26 23:17:14,fire,0.99
2026-03-26 23:17:15,fire,0.99
2026-03-26 23:17:16,fire,0.98
2026-03-26 23:17:16,fire,0.97
2026-03-26 23:17:17,fire,0.97
2026-03-26 23:17:17,fire,0.97
2026-03-26 23:17:18,fire,0.98
2026-03-26 23:17:18,fire,0.96
2026-03-26 23:17:19,fire,0.97
2026-03-26 23:17:19,fire,0.98
2026-03-26 23:17:19,fire,0.96
2026-03-26 23:17:20,fire,0.98
2026-03-26 23:17:20,fire,0.96
2026-03-26 23:17:21,fire,0.95
2026-03-26 23:17:21,fire,0.96
2026-03-26 23:17:22,fire,0.96
2026-03-26 23:17:22,fire,0.92
2026-03-26 23:17:23,fire,0.96
2026-03-26 23:17:23,fire,0.94
2026-03-26 23:17:24,fire,0.94
2026-03-26 23:17:24,fire,0.95
2026-03-26 23:17:24,fire,0.96
2026-03-26 23:17:25,fire,0.97
2026-03-26 23:17:25,fire,0.98
2026-03-26 23:17:25,fire,0.97
2026-03-26 23:17:26,fire,0.99
2026-03-26 23:17:26,fire,0.98
2026-03-26 23:17:26,fire,0.97
2026-03-26 23:17:27,fire,0.94
2026-03-26 23:17:27,fire,0.98
2026-03-26 23:17:27,fire,0.97
2026-03-26 23:17:28,fire,0.97
2026-03-26 23:17:28,fire,0.97
2026-03-26 23:17:28,fire,0.99
2026-03-26 23:17:29,fire,0.99
2026-03-26 23:17:29,fire,0.98
2026-03-26 23:17:30,fire,0.95
2026-03-26 23:17:30,fire,0.96
2026-03-26 23:17:30,fire,0.97
2026-03-26 23:17:31,fire,0.98
2026-03-26 23:17:31,fire,0.95
2026-03-26 23:17:32,fire,0.98
2026-03-26 23:17:32,fire,0.97
2026-03-26 23:17:33,fire,0.99
2026-03-26 23:17:33,fire,0.98
2026-03-26 23:17:33,fire,0.98
2026-03-26 23:17:34,fire,0.98
2026-03-26 23:17:34,fire,0.96
2026-03-26 23:17:34,fire,0.98
2026-03-26 23:17:35,fire,0.98
2026-03-26 23:17:35,fire,0.97
2026-03-26 23:17:35,fire,0.97
2026-03-26 23:17:36,fire,0.99
2026-03-26 23:17:36,fire,0.99
2026-03-26 23:17:37,fire,0.99
2026-03-26 23:17:37,fire,0.91
2026-03-26 23:17:38,fire,0.97
2026-03-26 23:17:38,fire,0.98
2026-03-26 23:17:39,fire,0.99
2026-03-26 23:17:39,fire,0.96
2026-03-26 23:17:39,fire,0.96
2026-03-26 23:17:39,fire,0.99
2026-03-26 23:17:40,fire,0.99
2026-03-26 23:17:40,fire,0.98
2026-03-26 23:17:41,fire,0.96
2026-03-26 23:17:41,fire,0.96
2026-03-26 23:17:41,fire,0.96
2026-03-26 23:17:42,fire,0.96
2026-03-26 23:17:42,fire,0.94
2026-03-26 23:17:42,fire,0.95
2026-03-26 23:17:43,fire,0.94
2026-03-26 23:17:43,fire,0.96
2026-03-26 23:17:44,fire,0.98
2026-03-26 23:17:44,fire,0.97
2026-03-26 23:17:44,fire,0.95
2026-03-26 23:17:45,fire,0.96
2026-03-26 23:17:45,fire,0.96
2026-03-26 23:17:45,fire,0.97
2026-03-26 23:17:46,fire,0.97
2026-03-26 23:17:46,fire,0.98
2026-03-26 23:17:46,fire,0.97
2026-03-26 23:17:47,fire,0.97
2026-03-26 23:17:47,fire,0.97
2026-03-26 23:17:47,fire,0.97
2026-03-26 23:17:48,fire,0.97
2026-03-26 23:17:48,fire,0.97
2026-03-26 23:17:49,fire,0.97
2026-03-26 23:17:49,fire,0.97
2026-03-26 23:17:50,fire,0.97
2026-03-26 23:17:50,fire,0.97
2026-03-26 23:17:50,fire,0.97
2026-03-26 23:17:51,fire,0.97
2026-03-26 23:17:51,fire,0.97
2026-03-26 23:17:51,fire,0.97
2026-03-26 23:17:52,fire,0.97
2026-03-26 23:17:52,fire,0.97
2026-03-26 23:17:52,fire,0.97
2026-03-26 23:17:53,fire,0.96
2026-03-26 23:17:53,fire,0.95
2026-03-26 23:17:53,fire,0.99
2026-03-26 23:17:54,fire,0.99
2026-03-26 23:17:54,fire,1.00
2026-03-26 23:17:54,fire,0.98
2026-03-26 23:17:55,fire,0.99
2026-03-26 23:17:55,fire,1.00
2026-03-26 23:17:55,fire,0.99
2026-03-26 23:17:56,fire,0.99
2026-03-26 23:17:56,fire,1.00
2026-03-26 23:17:56,fire,0.99
2026-03-26 23:17:57,fire,0.99
2026-03-26 23:17:57,fire,1.00
2026-03-26 23:17:58,fire,0.99
2026-03-26 23:17:58,fire,1.00
2026-03-26 23:17:58,fire,1.00
2026-03-26 23:17:59,fire,1.00
2026-03-26 23:17:59,fire,1.00
2026-03-26 23:17:59,fire,0.99
2026-03-26 23:18:00,fire,0.99
2026-03-26 23:18:00,fire,0.99
2026-03-26 23:18:01,fire,0.99
2026-03-26 23:18:01,fire,0.99
2026-03-26 23:18:01,fire,0.99
2026-03-26 23:18:02,fire,0.99
2026-03-26 23:18:02,fire,0.99
2026-03-26 23:18:02,fire,1.00
2026-03-26 23:18:03,fire,0.99
2026-03-26 23:18:03,fire,0.99
2026-03-26 23:18:03,fire,0.99
2026-03-26 23:18:04,fire,0.99
2026-03-26 23:18:04,fire,0.99
2026-03-26 23:18:05,fire,0.99
2026-03-26 23:18:05,fire,0.99
2026-03-26 23:18:05,fire,0.99
2026-03-26 23:18:06,fire,0.99
2026-03-26 23:18:06,fire,0.99
2026-03-26 23:18:07,fire,1.00
2026-03-26 23:18:07,fire,1.00
2026-03-26 23:18:08,fire,1.00
2026-03-26 23:18:08,fire,1.00
2026-03-26 23:18:09,fire,1.00
2026-03-26 23:18:09,fire,0.99
2026-03-26 23:18:10,fire,0.99
2026-03-26 23:18:10,fire,0.98
2026-03-26 23:18:10,fire,0.95
2026-03-26 23:18:11,fire,1.00
2026-03-26 23:18:11,fire,0.99
2026-03-26 23:18:12,fire,0.97
2026-03-26 23:18:12,fire,0.96
2026-03-26 23:18:13,fire,0.99
2026-03-26 23:18:13,fire,0.98
2026-03-26 23:18:14,fire,0.96
2026-03-26 23:18:14,fire,0.96
2026-03-26 23:18:15,fire,0.96
2026-03-26 23:18:15,fire,0.96
2026-03-26 23:18:15,fire,0.97
2026-03-26 23:18:16,fire,0.97
2026-03-26 23:18:16,fire,0.97
2026-03-26 23:18:16,fire,0.97
2026-03-26 23:18:17,fire,0.98
2026-03-26 23:18:17,fire,0.98
2026-03-26 23:18:18,fire,0.99
2026-03-26 23:18:18,fire,0.99
2026-03-26 23:18:18,fire,0.98
2026-03-26 23:18:19,fire,0.98
2026-03-26 23:18:19,fire,0.99
2026-03-26 23:18:20,fire,0.98
2026-03-26 23:18:20,fire,0.97
2026-03-26 23:18:20,fire,0.98
2026-03-26 23:18:21,fire,0.97
2026-03-26 23:18:21,fire,0.97
2026-03-26 23:18:21,fire,0.97
2026-03-26 23:18:22,fire,0.98
2026-03-26 23:18:22,fire,0.98
2026-03-26 23:18:22,fire,0.99
2026-03-26 23:18:23,fire,0.98
2026-03-26 23:18:23,fire,0.98
2026-03-26 23:18:24,fire,0.98
2026-03-26 23:18:24,fire,0.97
2026-03-26 23:18:25,fire,0.97
2026-03-26 23:18:25,fire,0.97
2026-03-26 23:18:25,fire,0.96
2026-03-26 23:18:26,fire,0.95
2026-03-26 23:18:26,fire,0.96
2026-03-26 23:18:26,fire,0.96
2026-03-26 23:18:27,fire,0.64
2026-03-26 23:18:27,fire,0.99
2026-03-26 23:18:28,fire,0.99
2026-03-26 23:18:28,fire,0.99
2026-03-26 23:18:28,fire,0.98
2026-03-26 23:18:29,fire,0.97
2026-03-26 23:18:29,fire,0.99
2026-03-26 23:18:30,fire,0.99
2026-03-26 23:18:30,fire,0.98
2026-03-26 23:18:30,fire,0.98
2026-03-26 23:18:31,fire,0.97
2026-03-26 23:18:31,fire,0.97
2026-03-26 23:18:31,fire,0.96
2026-03-26 23:18:32,fire,0.97
2026-03-26 23:18:32,fire,0.97
2026-03-26 23:18:33,fire,0.98
2026-03-26 23:18:33,fire,0.99
2026-03-26 23:18:33,fire,0.98
2026-03-26 23:18:34,fire,0.99
2026-03-26 23:18:34,fire,0.99
2026-03-26 23:18:35,fire,0.98
2026-03-26 23:18:35,fire,0.98
2026-03-26 23:18:36,fire,0.97
2026-03-26 23:18:36,fire,0.97
2026-03-26 23:18:37,fire,0.97
2026-03-26 23:18:37,fire,0.98
2026-03-26 23:18:37,fire,0.98
2026-03-26 23:18:38,fire,0.98
2026-03-26 23:18:38,fire,0.98
2026-03-26 23:18:39,fire,0.98
2026-03-26 23:18:39,fire,0.98
2026-03-26 23:18:39,fire,0.99
2026-03-26 23:18:40,fire,0.99
2026-03-26 23:18:40,fire,0.98
2026-03-26 23:18:41,fire,0.98
2026-03-26 23:18:41,fire,0.99
2026-03-26 23:18:41,fire,0.98
2026-03-26 23:18:41,fire,0.97
2026-03-26 23:18:42,fire,0.96
2026-03-26 23:18:42,fire,1.00
2026-03-26 23:18:42,fire,0.95
2026-03-26 23:18:43,fire,1.00
2026-03-26 23:18:43,fire,0.99
2026-03-26 23:18:43,fire,0.93
2026-03-26 23:18:44,fire,0.93
2026-03-26 23:18:44,fire,0.91
2026-03-26 23:18:44,fire,0.94
2026-03-26 23:18:45,fire,0.93
2026-03-26 23:18:45,fire,0.94
2026-03-26 23:18:45,fire,0.97
2026-03-26 23:18:46,fire,0.98
2026-03-26 23:18:46,fire,0.98
2026-03-26 23:18:46,fire,0.98
2026-03-26 23:18:47,fire,0.98
2026-03-26 23:18:47,fire,0.98
2026-03-26 23:18:48,fire,0.97
2026-03-26 23:18:48,fire,0.97
2026-03-26 23:18:48,fire,0.98
2026-03-26 23:18:49,fire,0.99
2026-03-26 23:18:49,fire,0.99
2026-03-26 23:18:49,fire,0.99
2026-03-26 23:18:50,fire,0.98
2026-03-26 23:18:50,fire,0.98
2026-03-26 23:18:50,fire,0.98
2026-03-26 23:18:51,fire,0.99
2026-03-26 23:18:51,fire,0.98
2026-03-26 23:18:51,fire,0.98
2026-03-26 23:18:52,fire,0.99
2026-03-26 23:18:52,fire,0.99
2026-03-26 23:18:53,fire,0.99
2026-03-26 23:18:53,fire,0.99
2026-03-26 23:18:53,fire,0.99
2026-03-26 23:18:54,fire,0.99
2026-03-26 23:18:54,fire,0.98
2026-03-26 23:18:54,fire,0.98
2026-03-26 23:18:55,fire,0.98
2026-03-26 23:18:55,fire,0.98
2026-03-26 23:18:55,fire,0.98
2026-03-26 23:18:56,fire,0.98
2026-03-26 23:18:56,fire,0.99
2026-03-26 23:18:56,fire,0.99
2026-03-26 23:18:57,fire,0.99
2026-03-26 23:18:57,fire,0.98
2026-03-26 23:18:58,fire,0.98
2026-03-26 23:18:58,fire,0.99
2026-03-26 23:18:58,fire,0.99
2026-03-26 23:18:59,fire,0.99
2026-03-26 23:18:59,fire,0.99
2026-03-26 23:18:59,fire,1.00
2026-03-26 23:19:00,fire,0.98
2026-03-26 23:19:00,fire,0.99
2026-03-26 23:19:01,fire,1.00
2026-03-26 23:19:01,fire,1.00
2026-03-26 23:19:01,fire,1.00
2026-03-26 23:19:02,fire,1.00
2026-03-26 23:19:02,fire,1.00
2026-03-26 23:19:02,fire,1.00
2026-03-26 23:19:03,fire,1.00
2026-03-26 23:19:03,fire,0.99
2026-03-26 23:19:04,fire,0.99
2026-03-26 23:19:04,fire,0.99
2026-03-26 23:19:04,fire,0.99
2026-03-26 23:19:05,fire,0.99
2026-03-26 23:19:05,fire,0.98
2026-03-26 23:19:05,fire,0.98
2026-03-26 23:19:06,fire,0.99
2026-03-26 23:19:06,fire,0.99
2026-03-26 23:19:06,fire,0.99
2026-03-26 23:19:07,fire,0.99
2026-03-26 23:19:07,fire,0.99
2026-03-26 23:19:08,fire,0.99
2026-03-26 23:19:08,fire,0.99
2026-03-26 23:19:09,fire,0.99
2026-03-26 23:19:09,fire,0.99
2026-03-26 23:19:10,fire,0.99
2026-03-26 23:19:10,fire,1.00
2026-03-26 23:19:11,fire,0.99
2026-03-26 23:19:11,fire,0.99
2026-03-26 23:19:12,fire,0.99
2026-03-26 23:19:12,fire,0.99
2026-03-26 23:19:12,fire,0.99
2026-03-26 23:19:13,fire,0.99
2026-03-26 23:19:13,fire,1.00
2026-03-26 23:19:13,fire,0.99
2026-03-26 23:19:14,fire,0.99
2026-03-26 23:19:14,fire,0.99
2026-03-26 23:19:14,fire,0.99
2026-03-26 23:19:15,fire,1.00
2026-03-26 23:19:15,fire,1.00
2026-03-26 23:19:15,fire,1.00
2026-03-26 23:19:16,fire,1.00
2026-03-26 23:19:16,fire,0.99
2026-03-26 23:19:16,fire,1.00
2026-03-26 23:23:08,fire,0.61
2026-03-26 23:23:09,fire,0.93
2026-03-26 23:23:10,fire,0.77
2026-03-26 23:23:11,fire,0.96
2026-03-26 23:23:13,fire,0.84
2026-03-26 23:23:14,fire,0.81
2026-03-26 23:23:15,fire,0.97
2026-03-26 23:23:16,fire,0.97
2026-03-26 23:23:17,fire,0.98
2026-03-26 23:23:18,fire,0.98
2026-03-26 23:23:19,fire,0.97
2026-03-26 23:23:20,fire,0.97
2026-03-26 23:23:21,fire,0.98
2026-03-26 23:23:22,fire,0.96
2026-03-26 23:23:23,fire,0.96
2026-03-26 23:23:24,fire,0.95
2026-03-26 23:23:25,fire,0.98
2026-03-26 23:23:26,fire,0.98
2026-03-26 23:23:28,fire,0.98
2026-03-26 23:23:29,fire,0.97
2026-03-26 23:23:30,fire,0.98
2026-03-26 23:23:31,fire,0.97
2026-03-26 23:23:32,fire,0.98
2026-03-26 23:23:33,fire,0.98
2026-03-26 23:23:34,fire,0.96
2026-03-28 10:44:01,fire,0.80
2026-03-28 10:44:02,fire,0.63
2026-03-28 10:44:04,fire,0.84
2026-03-28 10:44:05,fire,0.86
2026-03-28 10:44:06,fire,0.87
2026-03-28 10:44:07,fire,0.74
2026-03-28 10:44:09,fire,0.91
2026-03-28 10:44:52,fire,0.80
2026-03-28 10:44:54,fire,0.63
2026-03-28 10:44:55,fire,0.84
2026-03-28 10:44:56,fire,0.86
2026-03-28 10:44:57,fire,0.87
2026-03-28 10:44:59,fire,0.74
2026-03-28 10:45:00,fire,0.91
2026-03-28 10:45:01,fire,0.87
2026-03-28 10:45:02,fire,0.89
2026-03-28 10:45:04,fire,0.74
2026-03-28 10:45:05,fire,0.92
2026-03-28 10:45:06,fire,0.87
2026-03-28 10:45:07,fire,0.88
2026-03-28 10:45:09,fire,0.86
2026-03-28 10:45:10,fire,0.94
2026-03-28 10:45:11,fire,0.84
2026-03-28 10:45:13,fire,0.78
2026-03-28 10:45:14,fire,0.89
2026-03-28 10:45:15,fire,0.87
2026-03-28 10:45:17,fire,0.92
2026-03-28 10:45:18,fire,0.91
2026-03-28 10:45:19,fire,0.93
2026-03-28 10:45:20,fire,0.91
2026-03-28 10:45:22,fire,0.83
2026-03-28 10:45:23,fire,0.87
2026-03-28 10:45:24,fire,0.89
2026-03-28 10:45:26,fire,0.87
2026-03-28 10:49:00,fire,0.73
2026-03-28 10:49:02,fire,0.70
2026-03-28 10:49:03,fire,0.76
2026-03-28 10:49:04,fire,0.89
2026-03-28 10:49:05,fire,0.67
2026-03-28 10:49:07,fire,0.80
2026-03-28 10:49:08,fire,0.76
2026-03-28 10:49:09,fire,0.62
2026-03-28 10:49:10,fire,0.66
2026-03-28 10:49:11,fire,0.64
2026-03-28 10:49:12,fire,0.65
2026-03-28 10:49:16,fire,0.62
2026-03-28 10:49:17,fire,0.72
2026-03-28 10:49:18,fire,0.66
2026-03-28 10:49:19,fire,0.69
2026-03-28 10:49:20,fire,0.71
2026-03-28 10:49:21,fire,0.95
2026-03-28 10:49:23,fire,0.98
2026-03-28 10:49:24,fire,0.80
2026-03-28 10:49:25,fire,0.89
2026-03-28 10:49:26,fire,0.87
2026-03-28 10:49:27,fire,0.76
2026-03-28 10:49:28,fire,0.95
2026-03-28 10:49:30,fire,0.95
2026-03-28 10:49:31,fire,0.94
2026-03-28 14:07:19,fire,0.73
2026-03-28 14:07:21,fire,0.70
2026-03-28 14:07:22,fire,0.76
2026-03-28 14:07:23,fire,0.90
2026-03-28 14:07:24,fire,0.70
2026-03-28 14:07:25,fire,0.80
2026-03-28 14:07:26,fire,0.76
2026-03-28 14:07:27,fire,0.60
2026-03-28 14:07:28,fire,0.65
2026-03-28 14:07:29,fire,0.71
2026-03-28 14:08:12,fire,0.73
2026-03-28 14:08:14,fire,0.70
2026-03-28 14:08:15,fire,0.76
2026-03-28 14:08:16,fire,0.90
2026-03-28 14:08:17,fire,0.71
2026-03-28 14:08:18,fire,0.84
2026-03-28 14:08:19,fire,0.71
2026-03-28 14:08:20,fire,0.62
2026-03-28 14:08:21,fire,0.61
2026-03-28 14:08:23,fire,0.66
2026-03-28 14:08:26,fire,0.62
2026-03-28 14:08:27,fire,0.72
2026-03-28 14:08:28,fire,0.65
2026-03-28 14:08:29,fire,0.71
2026-03-28 14:08:30,fire,0.86
2026-03-28 14:08:31,fire,0.98
2026-03-28 14:08:32,fire,0.90
2026-03-28 14:08:33,fire,0.89
2026-03-28 14:08:34,fire,0.89
2026-03-28 14:08:35,fire,0.76
2026-03-28 14:08:36,fire,0.95
2026-03-28 14:08:37,fire,0.94
2026-03-28 14:08:38,fire,0.88
2026-03-28 14:08:39,fire,0.92
2026-03-28 14:08:40,fire,0.89
